feature,importance
insurance_type_enc,0.22438956802926674
age,0.131563939071197
distance_to_hospital,0.11169442435084202
sdoh_score,0.09846468139629569
diagnosis_code_enc,0.09775371216577616
gender_enc,0.08476020498904731
num_prior_visits,0.07982915792451313
county_enc,0.06952407340661305
length_of_stay,0.06690119275820348
age_group_enc,0.03511904590824536
