feature,importance
insurance_type_enc,0.21851186714152251
age,0.13976716615900786
sdoh_score,0.1043838903700715
distance_to_hospital,0.0990370907633346
diagnosis_code_enc,0.09828089977928346
num_prior_visits,0.08362891384193245
gender_enc,0.07966393989702736
length_of_stay,0.06931342841932976
county_enc,0.06853216328516269
age_group_enc,0.038880640343327735
